RaterID,PlotID,Level,VisualRating
R01,1,Beginner,8
R01,2,Beginner,5
R01,3,Beginner,3
R01,4,Beginner,7
R01,5,Beginner,4
R01,6,Beginner,3
R01,7,Beginner,3
R01,8,Beginner,3
R01,9,Beginner,3
R01,10,Beginner,6
R01,11,Beginner,6
R01,12,Beginner,7
R01,13,Beginner,6
R01,14,Beginner,5
R01,15,Beginner,3
R01,16,Beginner,4
R01,17,Beginner,5
R01,18,Beginner,6
R01,19,Beginner,5
R01,20,Beginner,4
R01,21,Beginner,4
R01,22,Beginner,4
R01,23,Beginner,2
R01,24,Beginner,2
R01,25,Beginner,6
R01,26,Beginner,5
R01,27,Beginner,4
R01,28,Beginner,4
R01,29,Beginner,5
R01,30,Beginner,5
R01,31,Beginner,6
R01,32,Beginner,4
R01,33,Beginner,5
R01,34,Beginner,4
R01,35,Beginner,6
R01,36,Beginner,6
R01,37,Beginner,4
R01,38,Beginner,3
R01,39,Beginner,6
R01,40,Beginner,4
R01,41,Beginner,3
R01,42,Beginner,3
R01,43,Beginner,3
R01,44,Beginner,5
R01,45,Beginner,4
R01,46,Beginner,4
R01,47,Beginner,7
R01,48,Beginner,5
R01,49,Beginner,4
R01,50,Beginner,4
R01,51,Beginner,6
R01,52,Beginner,3
R01,53,Beginner,3
R01,54,Beginner,4
R01,55,Beginner,4
R01,56,Beginner,3
R01,57,Beginner,8
R01,58,Beginner,4
R01,59,Beginner,4
R01,60,Beginner,3
R01,61,Beginner,2
R01,62,Beginner,4
R01,63,Beginner,4
R01,64,Beginner,5
R01,65,Beginner,4
R01,66,Beginner,4
R01,67,Beginner,6
R01,68,Beginner,4
R01,69,Beginner,4
R01,70,Beginner,6
R01,71,Beginner,5
R01,72,Beginner,5
R01,73,Beginner,4
R01,74,Beginner,4
R01,75,Beginner,8
R01,76,Beginner,4
R01,77,Beginner,5
R01,78,Beginner,5
R01,79,Beginner,5
R01,80,Beginner,5
R01,81,Beginner,4
R01,82,Beginner,5
R01,83,Beginner,3
R01,84,Beginner,4
R01,85,Beginner,3
R01,86,Beginner,3
R01,87,Beginner,3
R01,88,Beginner,6
R01,89,Beginner,4
R01,90,Beginner,6
R01,91,Beginner,4
R01,92,Beginner,4
R01,93,Beginner,1
R01,94,Beginner,6
R01,95,Beginner,4
R01,96,Beginner,3
R01,97,Beginner,5
R01,98,Beginner,4
R01,99,Beginner,5
R01,100,Beginner,5
R01,101,Beginner,4
R01,102,Beginner,5
R01,103,Beginner,5
R01,104,Beginner,6
R01,105,Beginner,4
R01,106,Beginner,3
R01,107,Beginner,5
R01,108,Beginner,8
R01,109,Beginner,6
R01,110,Beginner,6
R01,111,Beginner,4
R01,112,Beginner,7
R01,113,Beginner,5
R01,114,Beginner,4
R01,115,Beginner,4
R01,116,Beginner,5
R01,117,Beginner,2
R01,118,Beginner,3
R01,119,Beginner,6
R01,120,Beginner,4
R01,121,Beginner,2
R01,122,Beginner,2
R01,123,Beginner,3
R01,124,Beginner,5
R01,125,Beginner,5
R01,126,Beginner,5
R01,127,Beginner,3
R01,128,Beginner,4
R01,129,Beginner,2
R01,130,Beginner,3
R01,131,Beginner,2
R01,132,Beginner,4
R01,133,Beginner,4
R01,134,Beginner,2
R01,135,Beginner,4
R01,136,Beginner,4
R01,137,Beginner,3
R01,138,Beginner,4
R01,139,Beginner,3
R01,140,Beginner,3
R01,141,Beginner,5
R01,142,Beginner,4
R01,143,Beginner,5
R01,144,Beginner,5
R01,145,Beginner,3
R01,146,Beginner,2
R01,147,Beginner,5
R01,148,Beginner,3
R01,149,Beginner,2
R01,150,Beginner,4
R01,151,Beginner,2
R01,152,Beginner,3
R01,153,Beginner,3
R01,154,Beginner,3
R01,155,Beginner,3
R01,156,Beginner,3
R01,157,Beginner,3
R01,158,Beginner,6
R01,159,Beginner,5
R01,160,Beginner,4
R01,161,Beginner,4
R01,162,Beginner,4
R01,163,Beginner,3
R01,164,Beginner,5
R01,165,Beginner,2
R01,166,Beginner,2
R01,167,Beginner,3
R01,168,Beginner,6
R02,1,Beginner,8
R02,2,Beginner,6
R02,3,Beginner,5
R02,4,Beginner,6
R02,5,Beginner,6
R02,6,Beginner,7
R02,7,Beginner,6
R02,8,Beginner,6
R02,9,Beginner,4
R02,10,Beginner,5
R02,11,Beginner,6
R02,12,Beginner,7
R02,13,Beginner,7
R02,14,Beginner,6
R02,15,Beginner,6
R02,16,Beginner,3
R02,17,Beginner,6
R02,18,Beginner,7
R02,19,Beginner,5
R02,20,Beginner,6
R02,21,Beginner,5
R02,22,Beginner,4
R02,23,Beginner,2
R02,24,Beginner,3
R02,25,Beginner,7
R02,26,Beginner,5
R02,27,Beginner,6
R02,28,Beginner,7
R02,29,Beginner,5
R02,30,Beginner,7
R02,31,Beginner,6
R02,32,Beginner,4
R02,33,Beginner,6
R02,34,Beginner,4
R02,35,Beginner,6
R02,36,Beginner,7
R02,37,Beginner,6
R02,38,Beginner,4
R02,39,Beginner,7
R02,40,Beginner,4
R02,41,Beginner,4
R02,42,Beginner,5
R02,43,Beginner,4
R02,44,Beginner,4
R02,45,Beginner,7
R02,46,Beginner,5
R02,47,Beginner,6
R02,48,Beginner,6
R02,49,Beginner,6
R02,50,Beginner,7
R02,51,Beginner,6
R02,52,Beginner,5
R02,53,Beginner,5
R02,54,Beginner,7
R02,55,Beginner,5
R02,56,Beginner,4
R02,57,Beginner,6
R02,58,Beginner,6
R02,59,Beginner,5
R02,60,Beginner,4
R02,61,Beginner,3
R02,62,Beginner,4
R02,63,Beginner,5
R02,64,Beginner,6
R02,65,Beginner,5
R02,66,Beginner,5
R02,67,Beginner,8
R02,68,Beginner,4
R02,69,Beginner,5
R02,70,Beginner,8
R02,71,Beginner,7
R02,72,Beginner,4
R02,73,Beginner,6
R02,74,Beginner,5
R02,75,Beginner,8
R02,76,Beginner,5
R02,77,Beginner,4
R02,78,Beginner,5
R02,79,Beginner,6
R02,80,Beginner,7
R02,81,Beginner,4
R02,82,Beginner,6
R02,83,Beginner,4
R02,84,Beginner,3
R02,85,Beginner,4
R02,86,Beginner,4
R02,87,Beginner,5
R02,88,Beginner,7
R02,89,Beginner,5
R02,90,Beginner,7
R02,91,Beginner,4
R02,92,Beginner,4
R02,93,Beginner,2
R02,94,Beginner,7
R02,95,Beginner,5
R02,96,Beginner,5
R02,97,Beginner,4
R02,98,Beginner,5
R02,99,Beginner,4
R02,100,Beginner,7
R02,101,Beginner,5
R02,102,Beginner,5
R02,103,Beginner,6
R02,104,Beginner,8
R02,105,Beginner,6
R02,106,Beginner,5
R02,107,Beginner,7
R02,108,Beginner,9
R02,109,Beginner,7
R02,110,Beginner,6
R02,111,Beginner,6
R02,112,Beginner,9
R02,113,Beginner,5
R02,114,Beginner,6
R02,115,Beginner,5
R02,116,Beginner,6
R02,117,Beginner,5
R02,118,Beginner,5
R02,119,Beginner,9
R02,120,Beginner,4
R02,121,Beginner,3
R02,122,Beginner,3
R02,123,Beginner,4
R02,124,Beginner,6
R02,125,Beginner,5
R02,126,Beginner,6
R02,127,Beginner,5
R02,128,Beginner,5
R02,129,Beginner,3
R02,130,Beginner,6
R02,131,Beginner,3
R02,132,Beginner,6
R02,133,Beginner,4
R02,134,Beginner,4
R02,135,Beginner,6
R02,136,Beginner,3
R02,137,Beginner,4
R02,138,Beginner,5
R02,139,Beginner,4
R02,140,Beginner,7
R02,141,Beginner,7
R02,142,Beginner,4
R02,143,Beginner,7
R02,144,Beginner,6
R02,145,Beginner,3
R02,146,Beginner,1
R02,147,Beginner,5
R02,148,Beginner,4
R02,149,Beginner,4
R02,150,Beginner,4
R02,151,Beginner,3
R02,152,Beginner,6
R02,153,Beginner,3
R02,154,Beginner,5
R02,155,Beginner,5
R02,156,Beginner,4
R02,157,Beginner,6
R02,158,Beginner,5
R02,159,Beginner,6
R02,160,Beginner,5
R02,161,Beginner,3
R02,162,Beginner,6
R02,163,Beginner,3
R02,164,Beginner,6
R02,165,Beginner,3
R02,166,Beginner,4
R02,167,Beginner,3
R02,168,Beginner,6
R03,1,Beginner,9
R03,2,Beginner,4
R03,3,Beginner,3
R03,4,Beginner,7
R03,5,Beginner,6
R03,6,Beginner,5
R03,7,Beginner,5
R03,8,Beginner,4
R03,9,Beginner,4
R03,10,Beginner,6
R03,11,Beginner,6
R03,12,Beginner,8
R03,13,Beginner,8
R03,14,Beginner,6
R03,15,Beginner,5
R03,16,Beginner,3
R03,17,Beginner,7
R03,18,Beginner,6
R03,19,Beginner,5
R03,20,Beginner,6
R03,21,Beginner,5
R03,22,Beginner,5
R03,23,Beginner,2
R03,24,Beginner,2
R03,25,Beginner,4
R03,26,Beginner,5
R03,27,Beginner,5
R03,28,Beginner,5
R03,29,Beginner,8
R03,30,Beginner,7
R03,31,Beginner,4
R03,32,Beginner,3
R03,33,Beginner,7
R03,34,Beginner,3
R03,35,Beginner,6
R03,36,Beginner,6
R03,37,Beginner,6
R03,38,Beginner,5
R03,39,Beginner,6
R03,40,Beginner,4
R03,41,Beginner,5
R03,42,Beginner,5
R03,43,Beginner,5
R03,44,Beginner,3
R03,45,Beginner,6
R03,46,Beginner,4
R03,47,Beginner,6
R03,48,Beginner,7
R03,49,Beginner,4
R03,50,Beginner,5
R03,51,Beginner,6
R03,52,Beginner,5
R03,53,Beginner,3
R03,54,Beginner,5
R03,55,Beginner,5
R03,56,Beginner,4
R03,57,Beginner,6
R03,58,Beginner,4
R03,59,Beginner,5
R03,60,Beginner,3
R03,61,Beginner,2
R03,62,Beginner,4
R03,63,Beginner,5
R03,64,Beginner,6
R03,65,Beginner,5
R03,66,Beginner,4
R03,67,Beginner,6
R03,68,Beginner,6
R03,69,Beginner,2
R03,70,Beginner,6
R03,71,Beginner,4
R03,72,Beginner,5
R03,73,Beginner,5
R03,74,Beginner,5
R03,75,Beginner,8
R03,76,Beginner,7
R03,77,Beginner,5
R03,78,Beginner,6
R03,79,Beginner,5
R03,80,Beginner,7
R03,81,Beginner,5
R03,82,Beginner,6
R03,83,Beginner,4
R03,84,Beginner,2
R03,85,Beginner,3
R03,86,Beginner,6
R03,87,Beginner,5
R03,88,Beginner,5
R03,89,Beginner,5
R03,90,Beginner,7
R03,91,Beginner,5
R03,92,Beginner,5
R03,93,Beginner,3
R03,94,Beginner,7
R03,95,Beginner,6
R03,96,Beginner,5
R03,97,Beginner,3
R03,98,Beginner,4
R03,99,Beginner,4
R03,100,Beginner,6
R03,101,Beginner,7
R03,102,Beginner,5
R03,103,Beginner,7
R03,104,Beginner,7
R03,105,Beginner,6
R03,106,Beginner,5
R03,107,Beginner,5
R03,108,Beginner,9
R03,109,Beginner,6
R03,110,Beginner,5
R03,111,Beginner,5
R03,112,Beginner,8
R03,113,Beginner,5
R03,114,Beginner,4
R03,115,Beginner,4
R03,116,Beginner,5
R03,117,Beginner,5
R03,118,Beginner,7
R03,119,Beginner,8
R03,120,Beginner,5
R03,121,Beginner,5
R03,122,Beginner,3
R03,123,Beginner,4
R03,124,Beginner,6
R03,125,Beginner,6
R03,126,Beginner,6
R03,127,Beginner,5
R03,128,Beginner,5
R03,129,Beginner,3
R03,130,Beginner,6
R03,131,Beginner,4
R03,132,Beginner,3
R03,133,Beginner,6
R03,134,Beginner,3
R03,135,Beginner,5
R03,136,Beginner,3
R03,137,Beginner,4
R03,138,Beginner,5
R03,139,Beginner,5
R03,140,Beginner,6
R03,141,Beginner,7
R03,142,Beginner,6
R03,143,Beginner,6
R03,144,Beginner,5
R03,145,Beginner,3
R03,146,Beginner,2
R03,147,Beginner,5
R03,148,Beginner,5
R03,149,Beginner,6
R03,150,Beginner,6
R03,151,Beginner,3
R03,152,Beginner,4
R03,153,Beginner,3
R03,154,Beginner,7
R03,155,Beginner,4
R03,156,Beginner,6
R03,157,Beginner,5
R03,158,Beginner,5
R03,159,Beginner,5
R03,160,Beginner,4
R03,161,Beginner,4
R03,162,Beginner,6
R03,163,Beginner,3
R03,164,Beginner,5
R03,165,Beginner,3
R03,166,Beginner,2
R03,167,Beginner,3
R03,168,Beginner,5
R04,1,Beginner,6
R04,2,Beginner,4
R04,3,Beginner,3
R04,4,Beginner,5
R04,5,Beginner,6
R04,6,Beginner,3
R04,7,Beginner,5
R04,8,Beginner,4
R04,9,Beginner,3
R04,10,Beginner,5
R04,11,Beginner,5
R04,12,Beginner,6
R04,13,Beginner,5
R04,14,Beginner,4
R04,15,Beginner,3
R04,16,Beginner,2
R04,17,Beginner,3
R04,18,Beginner,7
R04,19,Beginner,6
R04,20,Beginner,6
R04,21,Beginner,2
R04,22,Beginner,3
R04,23,Beginner,3
R04,24,Beginner,2
R04,25,Beginner,5
R04,26,Beginner,3
R04,27,Beginner,4
R04,28,Beginner,5
R04,29,Beginner,5
R04,30,Beginner,7
R04,31,Beginner,4
R04,32,Beginner,3
R04,33,Beginner,5
R04,34,Beginner,2
R04,35,Beginner,5
R04,36,Beginner,7
R04,37,Beginner,5
R04,38,Beginner,4
R04,39,Beginner,5
R04,40,Beginner,2
R04,41,Beginner,3
R04,42,Beginner,4
R04,43,Beginner,3
R04,44,Beginner,4
R04,45,Beginner,5
R04,46,Beginner,3
R04,47,Beginner,6
R04,48,Beginner,5
R04,49,Beginner,3
R04,50,Beginner,6
R04,51,Beginner,5
R04,52,Beginner,5
R04,53,Beginner,3
R04,54,Beginner,5
R04,55,Beginner,5
R04,56,Beginner,4
R04,57,Beginner,6
R04,58,Beginner,4
R04,59,Beginner,4
R04,60,Beginner,3
R04,61,Beginner,2
R04,62,Beginner,3
R04,63,Beginner,4
R04,64,Beginner,6
R04,65,Beginner,5
R04,66,Beginner,2
R04,67,Beginner,6
R04,68,Beginner,2
R04,69,Beginner,2
R04,70,Beginner,5
R04,71,Beginner,4
R04,72,Beginner,3
R04,73,Beginner,6
R04,74,Beginner,3
R04,75,Beginner,7
R04,76,Beginner,5
R04,77,Beginner,3
R04,78,Beginner,4
R04,79,Beginner,6
R04,80,Beginner,6
R04,81,Beginner,4
R04,82,Beginner,5
R04,83,Beginner,2
R04,84,Beginner,2
R04,85,Beginner,3
R04,86,Beginner,3
R04,87,Beginner,4
R04,88,Beginner,5
R04,89,Beginner,2
R04,90,Beginner,5
R04,91,Beginner,3
R04,92,Beginner,4
R04,93,Beginner,2
R04,94,Beginner,5
R04,95,Beginner,5
R04,96,Beginner,4
R04,97,Beginner,2
R04,98,Beginner,4
R04,99,Beginner,5
R04,100,Beginner,5
R04,101,Beginner,4
R04,102,Beginner,4
R04,103,Beginner,5
R04,104,Beginner,5
R04,105,Beginner,4
R04,106,Beginner,5
R04,107,Beginner,4
R04,108,Beginner,7
R04,109,Beginner,4
R04,110,Beginner,4
R04,111,Beginner,5
R04,112,Beginner,7
R04,113,Beginner,3
R04,114,Beginner,4
R04,115,Beginner,5
R04,116,Beginner,6
R04,117,Beginner,3
R04,118,Beginner,5
R04,119,Beginner,8
R04,120,Beginner,3
R04,121,Beginner,3
R04,122,Beginner,2
R04,123,Beginner,4
R04,124,Beginner,5
R04,125,Beginner,3
R04,126,Beginner,5
R04,127,Beginner,3
R04,128,Beginner,3
R04,129,Beginner,2
R04,130,Beginner,3
R04,131,Beginner,3
R04,132,Beginner,2
R04,133,Beginner,4
R04,134,Beginner,1
R04,135,Beginner,6
R04,136,Beginner,3
R04,137,Beginner,3
R04,138,Beginner,4
R04,139,Beginner,4
R04,140,Beginner,2
R04,141,Beginner,5
R04,142,Beginner,4
R04,143,Beginner,4
R04,144,Beginner,2
R04,145,Beginner,4
R04,146,Beginner,1
R04,147,Beginner,5
R04,148,Beginner,5
R04,149,Beginner,5
R04,150,Beginner,6
R04,151,Beginner,3
R04,152,Beginner,3
R04,153,Beginner,3
R04,154,Beginner,4
R04,155,Beginner,3
R04,156,Beginner,4
R04,157,Beginner,5
R04,158,Beginner,3
R04,159,Beginner,4
R04,160,Beginner,3
R04,161,Beginner,3
R04,162,Beginner,4
R04,163,Beginner,4
R04,164,Beginner,5
R04,165,Beginner,2
R04,166,Beginner,3
R04,167,Beginner,4
R04,168,Beginner,7
R05,1,Intermediate,9
R05,2,Intermediate,8
R05,3,Intermediate,1
R05,4,Intermediate,8
R05,5,Intermediate,7
R05,6,Intermediate,6
R05,7,Intermediate,7
R05,8,Intermediate,5
R05,9,Intermediate,5
R05,10,Intermediate,9
R05,11,Intermediate,8
R05,12,Intermediate,9
R05,13,Intermediate,9
R05,14,Intermediate,8
R05,15,Intermediate,5
R05,16,Intermediate,2
R05,17,Intermediate,7
R05,18,Intermediate,8
R05,19,Intermediate,6
R05,20,Intermediate,9
R05,21,Intermediate,6
R05,22,Intermediate,4
R05,23,Intermediate,2
R05,24,Intermediate,2
R05,25,Intermediate,7
R05,26,Intermediate,8
R05,27,Intermediate,4
R05,28,Intermediate,8
R05,29,Intermediate,7
R05,30,Intermediate,8
R05,31,Intermediate,6
R05,32,Intermediate,5
R05,33,Intermediate,9
R05,34,Intermediate,4
R05,35,Intermediate,6
R05,36,Intermediate,8
R05,37,Intermediate,6
R05,38,Intermediate,4
R05,39,Intermediate,9
R05,40,Intermediate,5
R05,41,Intermediate,5
R05,42,Intermediate,5
R05,43,Intermediate,5
R05,44,Intermediate,6
R05,45,Intermediate,7
R05,46,Intermediate,4
R05,47,Intermediate,9
R05,48,Intermediate,9
R05,49,Intermediate,7
R05,50,Intermediate,7
R05,51,Intermediate,8
R05,52,Intermediate,7
R05,53,Intermediate,4
R05,54,Intermediate,7
R05,55,Intermediate,7
R05,56,Intermediate,6
R05,57,Intermediate,9
R05,58,Intermediate,5
R05,59,Intermediate,6
R05,60,Intermediate,4
R05,61,Intermediate,5
R05,62,Intermediate,5
R05,63,Intermediate,6
R05,64,Intermediate,9
R05,65,Intermediate,5
R05,66,Intermediate,5
R05,67,Intermediate,9
R05,68,Intermediate,6
R05,69,Intermediate,3
R05,70,Intermediate,9
R05,71,Intermediate,6
R05,72,Intermediate,6
R05,73,Intermediate,7
R05,74,Intermediate,5
R05,75,Intermediate,9
R05,76,Intermediate,7
R05,77,Intermediate,6
R05,78,Intermediate,7
R05,79,Intermediate,8
R05,80,Intermediate,9
R05,81,Intermediate,6
R05,82,Intermediate,9
R05,83,Intermediate,6
R05,84,Intermediate,2
R05,85,Intermediate,5
R05,86,Intermediate,6
R05,87,Intermediate,7
R05,88,Intermediate,7
R05,89,Intermediate,6
R05,90,Intermediate,8
R05,91,Intermediate,5
R05,92,Intermediate,7
R05,93,Intermediate,5
R05,94,Intermediate,9
R05,95,Intermediate,7
R05,96,Intermediate,3
R05,97,Intermediate,6
R05,98,Intermediate,6
R05,99,Intermediate,7
R05,100,Intermediate,8
R05,101,Intermediate,7
R05,102,Intermediate,7
R05,103,Intermediate,7
R05,104,Intermediate,9
R05,105,Intermediate,8
R05,106,Intermediate,6
R05,107,Intermediate,8
R05,108,Intermediate,9
R05,109,Intermediate,8
R05,110,Intermediate,8
R05,111,Intermediate,7
R05,112,Intermediate,9
R05,113,Intermediate,5
R05,114,Intermediate,6
R05,115,Intermediate,5
R05,116,Intermediate,7
R05,117,Intermediate,5
R05,118,Intermediate,8
R05,119,Intermediate,9
R05,120,Intermediate,3
R05,121,Intermediate,6
R05,122,Intermediate,5
R05,123,Intermediate,5
R05,124,Intermediate,7
R05,125,Intermediate,6
R05,126,Intermediate,7
R05,127,Intermediate,7
R05,128,Intermediate,5
R05,129,Intermediate,3
R05,130,Intermediate,8
R05,131,Intermediate,3
R05,132,Intermediate,6
R05,133,Intermediate,6
R05,134,Intermediate,6
R05,135,Intermediate,8
R05,136,Intermediate,3
R05,137,Intermediate,5
R05,138,Intermediate,6
R05,139,Intermediate,3
R05,140,Intermediate,7
R05,141,Intermediate,9
R05,142,Intermediate,7
R05,143,Intermediate,7
R05,144,Intermediate,8
R05,145,Intermediate,5
R05,146,Intermediate,2
R05,147,Intermediate,6
R05,148,Intermediate,6
R05,149,Intermediate,6
R05,150,Intermediate,7
R05,151,Intermediate,2
R05,152,Intermediate,6
R05,153,Intermediate,4
R05,154,Intermediate,7
R05,155,Intermediate,6
R05,156,Intermediate,3
R05,157,Intermediate,6
R05,158,Intermediate,7
R05,159,Intermediate,7
R05,160,Intermediate,5
R05,161,Intermediate,5
R05,162,Intermediate,6
R05,163,Intermediate,5
R05,164,Intermediate,7
R05,165,Intermediate,3
R05,166,Intermediate,3
R05,167,Intermediate,3
R05,168,Intermediate,8
R06,1,Intermediate,8
R06,2,Intermediate,6
R06,3,Intermediate,2
R06,4,Intermediate,8
R06,5,Intermediate,7
R06,6,Intermediate,6
R06,7,Intermediate,5
R06,8,Intermediate,4
R06,9,Intermediate,5
R06,10,Intermediate,7
R06,11,Intermediate,7
R06,12,Intermediate,8
R06,13,Intermediate,8
R06,14,Intermediate,7
R06,15,Intermediate,4
R06,16,Intermediate,1
R06,17,Intermediate,6
R06,18,Intermediate,7
R06,19,Intermediate,6
R06,20,Intermediate,6
R06,21,Intermediate,5
R06,22,Intermediate,3
R06,23,Intermediate,2
R06,24,Intermediate,1
R06,25,Intermediate,7
R06,26,Intermediate,4
R06,27,Intermediate,5
R06,28,Intermediate,6
R06,29,Intermediate,6
R06,30,Intermediate,7
R06,31,Intermediate,7
R06,32,Intermediate,2
R06,33,Intermediate,7
R06,34,Intermediate,3
R06,35,Intermediate,6
R06,36,Intermediate,6
R06,37,Intermediate,6
R06,38,Intermediate,3
R06,39,Intermediate,7
R06,40,Intermediate,4
R06,41,Intermediate,4
R06,42,Intermediate,4
R06,43,Intermediate,4
R06,44,Intermediate,5
R06,45,Intermediate,7
R06,46,Intermediate,3
R06,47,Intermediate,7
R06,48,Intermediate,6
R06,49,Intermediate,7
R06,50,Intermediate,7
R06,51,Intermediate,6
R06,52,Intermediate,6
R06,53,Intermediate,4
R06,54,Intermediate,6
R06,55,Intermediate,6
R06,56,Intermediate,4
R06,57,Intermediate,8
R06,58,Intermediate,3
R06,59,Intermediate,6
R06,60,Intermediate,3
R06,61,Intermediate,3
R06,62,Intermediate,4
R06,63,Intermediate,5
R06,64,Intermediate,7
R06,65,Intermediate,5
R06,66,Intermediate,4
R06,67,Intermediate,9
R06,68,Intermediate,4
R06,69,Intermediate,3
R06,70,Intermediate,7
R06,71,Intermediate,6
R06,72,Intermediate,6
R06,73,Intermediate,6
R06,74,Intermediate,5
R06,75,Intermediate,8
R06,76,Intermediate,6
R06,77,Intermediate,5
R06,78,Intermediate,6
R06,79,Intermediate,7
R06,80,Intermediate,7
R06,81,Intermediate,4
R06,82,Intermediate,6
R06,83,Intermediate,4
R06,84,Intermediate,3
R06,85,Intermediate,3
R06,86,Intermediate,2
R06,87,Intermediate,6
R06,88,Intermediate,6
R06,89,Intermediate,5
R06,90,Intermediate,6
R06,91,Intermediate,4
R06,92,Intermediate,3
R06,93,Intermediate,3
R06,94,Intermediate,8
R06,95,Intermediate,5
R06,96,Intermediate,4
R06,97,Intermediate,4
R06,98,Intermediate,5
R06,99,Intermediate,5
R06,100,Intermediate,7
R06,101,Intermediate,6
R06,102,Intermediate,5
R06,103,Intermediate,6
R06,104,Intermediate,8
R06,105,Intermediate,6
R06,106,Intermediate,5
R06,107,Intermediate,7
R06,108,Intermediate,9
R06,109,Intermediate,7
R06,110,Intermediate,6
R06,111,Intermediate,6
R06,112,Intermediate,7
R06,113,Intermediate,5
R06,114,Intermediate,4
R06,115,Intermediate,6
R06,116,Intermediate,6
R06,117,Intermediate,5
R06,118,Intermediate,6
R06,119,Intermediate,6
R06,120,Intermediate,4
R06,121,Intermediate,4
R06,122,Intermediate,3
R06,123,Intermediate,5
R06,124,Intermediate,6
R06,125,Intermediate,5
R06,126,Intermediate,6
R06,127,Intermediate,6
R06,128,Intermediate,5
R06,129,Intermediate,3
R06,130,Intermediate,6
R06,131,Intermediate,3
R06,132,Intermediate,4
R06,133,Intermediate,4
R06,134,Intermediate,4
R06,135,Intermediate,6
R06,136,Intermediate,4
R06,137,Intermediate,4
R06,138,Intermediate,5
R06,139,Intermediate,4
R06,140,Intermediate,6
R06,141,Intermediate,7
R06,142,Intermediate,5
R06,143,Intermediate,7
R06,144,Intermediate,6
R06,145,Intermediate,3
R06,146,Intermediate,2
R06,147,Intermediate,5
R06,148,Intermediate,4
R06,149,Intermediate,6
R06,150,Intermediate,6
R06,151,Intermediate,2
R06,152,Intermediate,4
R06,153,Intermediate,4
R06,154,Intermediate,7
R06,155,Intermediate,3
R06,156,Intermediate,3
R06,157,Intermediate,6
R06,158,Intermediate,5
R06,159,Intermediate,6
R06,160,Intermediate,4
R06,161,Intermediate,2
R06,162,Intermediate,4
R06,163,Intermediate,4
R06,164,Intermediate,6
R06,165,Intermediate,3
R06,166,Intermediate,3
R06,167,Intermediate,2
R06,168,Intermediate,5
R07,1,Intermediate,7
R07,2,Intermediate,6
R07,3,Intermediate,3
R07,4,Intermediate,8
R07,5,Intermediate,6
R07,6,Intermediate,5
R07,7,Intermediate,3
R07,8,Intermediate,5
R07,9,Intermediate,5
R07,10,Intermediate,7
R07,11,Intermediate,8
R07,12,Intermediate,9
R07,13,Intermediate,9
R07,14,Intermediate,7
R07,15,Intermediate,6
R07,16,Intermediate,4
R07,17,Intermediate,7
R07,18,Intermediate,7
R07,19,Intermediate,5
R07,20,Intermediate,7
R07,21,Intermediate,5
R07,22,Intermediate,3
R07,23,Intermediate,2
R07,24,Intermediate,3
R07,25,Intermediate,7
R07,26,Intermediate,6
R07,27,Intermediate,5
R07,28,Intermediate,7
R07,29,Intermediate,7
R07,30,Intermediate,8
R07,31,Intermediate,5
R07,32,Intermediate,6
R07,33,Intermediate,9
R07,34,Intermediate,4
R07,35,Intermediate,8
R07,36,Intermediate,7
R07,37,Intermediate,6
R07,38,Intermediate,5
R07,39,Intermediate,7
R07,40,Intermediate,4
R07,41,Intermediate,4
R07,42,Intermediate,5
R07,43,Intermediate,3
R07,44,Intermediate,6
R07,45,Intermediate,7
R07,46,Intermediate,3
R07,47,Intermediate,7
R07,48,Intermediate,7
R07,49,Intermediate,7
R07,50,Intermediate,7
R07,51,Intermediate,7
R07,52,Intermediate,6
R07,53,Intermediate,3
R07,54,Intermediate,6
R07,55,Intermediate,7
R07,56,Intermediate,4
R07,57,Intermediate,7
R07,58,Intermediate,5
R07,59,Intermediate,6
R07,60,Intermediate,3
R07,61,Intermediate,3
R07,62,Intermediate,4
R07,63,Intermediate,7
R07,64,Intermediate,8
R07,65,Intermediate,5
R07,66,Intermediate,5
R07,67,Intermediate,9
R07,68,Intermediate,6
R07,69,Intermediate,4
R07,70,Intermediate,8
R07,71,Intermediate,6
R07,72,Intermediate,5
R07,73,Intermediate,6
R07,74,Intermediate,5
R07,75,Intermediate,7
R07,76,Intermediate,7
R07,77,Intermediate,3
R07,78,Intermediate,7
R07,79,Intermediate,7
R07,80,Intermediate,7
R07,81,Intermediate,6
R07,82,Intermediate,7
R07,83,Intermediate,3
R07,84,Intermediate,4
R07,85,Intermediate,4
R07,86,Intermediate,4
R07,87,Intermediate,5
R07,88,Intermediate,7
R07,89,Intermediate,6
R07,90,Intermediate,7
R07,91,Intermediate,5
R07,92,Intermediate,6
R07,93,Intermediate,5
R07,94,Intermediate,9
R07,95,Intermediate,4
R07,96,Intermediate,6
R07,97,Intermediate,3
R07,98,Intermediate,6
R07,99,Intermediate,6
R07,100,Intermediate,7
R07,101,Intermediate,8
R07,102,Intermediate,6
R07,103,Intermediate,8
R07,104,Intermediate,9
R07,105,Intermediate,7
R07,106,Intermediate,6
R07,107,Intermediate,7
R07,108,Intermediate,9
R07,109,Intermediate,6
R07,110,Intermediate,8
R07,111,Intermediate,6
R07,112,Intermediate,9
R07,113,Intermediate,6
R07,114,Intermediate,6
R07,115,Intermediate,5
R07,116,Intermediate,8
R07,117,Intermediate,5
R07,118,Intermediate,7
R07,119,Intermediate,9
R07,120,Intermediate,4
R07,121,Intermediate,7
R07,122,Intermediate,4
R07,123,Intermediate,5
R07,124,Intermediate,7
R07,125,Intermediate,6
R07,126,Intermediate,6
R07,127,Intermediate,4
R07,128,Intermediate,5
R07,129,Intermediate,3
R07,130,Intermediate,6
R07,131,Intermediate,3
R07,132,Intermediate,3
R07,133,Intermediate,6
R07,134,Intermediate,4
R07,135,Intermediate,8
R07,136,Intermediate,2
R07,137,Intermediate,3
R07,138,Intermediate,5
R07,139,Intermediate,2
R07,140,Intermediate,7
R07,141,Intermediate,7
R07,142,Intermediate,6
R07,143,Intermediate,7
R07,144,Intermediate,6
R07,145,Intermediate,3
R07,146,Intermediate,3
R07,147,Intermediate,5
R07,148,Intermediate,5
R07,149,Intermediate,6
R07,150,Intermediate,5
R07,151,Intermediate,3
R07,152,Intermediate,5
R07,153,Intermediate,3
R07,154,Intermediate,6
R07,155,Intermediate,5
R07,156,Intermediate,4
R07,157,Intermediate,6
R07,158,Intermediate,6
R07,159,Intermediate,5
R07,160,Intermediate,5
R07,161,Intermediate,4
R07,162,Intermediate,5
R07,163,Intermediate,2
R07,164,Intermediate,7
R07,165,Intermediate,4
R07,166,Intermediate,3
R07,167,Intermediate,2
R07,168,Intermediate,6
R08,1,Intermediate,7
R08,2,Intermediate,6
R08,3,Intermediate,2
R08,4,Intermediate,6
R08,5,Intermediate,5
R08,6,Intermediate,4
R08,7,Intermediate,4
R08,8,Intermediate,4
R08,9,Intermediate,4
R08,10,Intermediate,6
R08,11,Intermediate,5
R08,12,Intermediate,8
R08,13,Intermediate,8
R08,14,Intermediate,6
R08,15,Intermediate,5
R08,16,Intermediate,3
R08,17,Intermediate,6
R08,18,Intermediate,7
R08,19,Intermediate,5
R08,20,Intermediate,6
R08,21,Intermediate,4
R08,22,Intermediate,4
R08,23,Intermediate,3
R08,24,Intermediate,2
R08,25,Intermediate,6
R08,26,Intermediate,5
R08,27,Intermediate,4
R08,28,Intermediate,5
R08,29,Intermediate,6
R08,30,Intermediate,7
R08,31,Intermediate,4
R08,32,Intermediate,4
R08,33,Intermediate,6
R08,34,Intermediate,3
R08,35,Intermediate,6
R08,36,Intermediate,7
R08,37,Intermediate,6
R08,38,Intermediate,3
R08,39,Intermediate,7
R08,40,Intermediate,3
R08,41,Intermediate,3
R08,42,Intermediate,4
R08,43,Intermediate,3
R08,44,Intermediate,5
R08,45,Intermediate,6
R08,46,Intermediate,3
R08,47,Intermediate,7
R08,48,Intermediate,6
R08,49,Intermediate,5
R08,50,Intermediate,5
R08,51,Intermediate,6
R08,52,Intermediate,5
R08,53,Intermediate,3
R08,54,Intermediate,6
R08,55,Intermediate,5
R08,56,Intermediate,4
R08,57,Intermediate,7
R08,58,Intermediate,4
R08,59,Intermediate,5
R08,60,Intermediate,4
R08,61,Intermediate,3
R08,62,Intermediate,2
R08,63,Intermediate,6
R08,64,Intermediate,6
R08,65,Intermediate,5
R08,66,Intermediate,3
R08,67,Intermediate,6
R08,68,Intermediate,4
R08,69,Intermediate,3
R08,70,Intermediate,7
R08,71,Intermediate,4
R08,72,Intermediate,5
R08,73,Intermediate,5
R08,74,Intermediate,5
R08,75,Intermediate,7
R08,76,Intermediate,6
R08,77,Intermediate,4
R08,78,Intermediate,6
R08,79,Intermediate,6
R08,80,Intermediate,6
R08,81,Intermediate,4
R08,82,Intermediate,5
R08,83,Intermediate,3
R08,84,Intermediate,1
R08,85,Intermediate,3
R08,86,Intermediate,2
R08,87,Intermediate,5
R08,88,Intermediate,5
R08,89,Intermediate,4
R08,90,Intermediate,6
R08,91,Intermediate,5
R08,92,Intermediate,5
R08,93,Intermediate,3
R08,94,Intermediate,7
R08,95,Intermediate,4
R08,96,Intermediate,4
R08,97,Intermediate,3
R08,98,Intermediate,3
R08,99,Intermediate,5
R08,100,Intermediate,7
R08,101,Intermediate,6
R08,102,Intermediate,5
R08,103,Intermediate,6
R08,104,Intermediate,8
R08,105,Intermediate,5
R08,106,Intermediate,4
R08,107,Intermediate,6
R08,108,Intermediate,9
R08,109,Intermediate,7
R08,110,Intermediate,6
R08,111,Intermediate,5
R08,112,Intermediate,8
R08,113,Intermediate,5
R08,114,Intermediate,5
R08,115,Intermediate,3
R08,116,Intermediate,7
R08,117,Intermediate,4
R08,118,Intermediate,5
R08,119,Intermediate,8
R08,120,Intermediate,4
R08,121,Intermediate,5
R08,122,Intermediate,3
R08,123,Intermediate,3
R08,124,Intermediate,5
R08,125,Intermediate,5
R08,126,Intermediate,5
R08,127,Intermediate,2
R08,128,Intermediate,4
R08,129,Intermediate,2
R08,130,Intermediate,6
R08,131,Intermediate,2
R08,132,Intermediate,4
R08,133,Intermediate,5
R08,134,Intermediate,3
R08,135,Intermediate,6
R08,136,Intermediate,3
R08,137,Intermediate,3
R08,138,Intermediate,4
R08,139,Intermediate,3
R08,140,Intermediate,5
R08,141,Intermediate,7
R08,142,Intermediate,2
R08,143,Intermediate,7
R08,144,Intermediate,5
R08,145,Intermediate,2
R08,146,Intermediate,2
R08,147,Intermediate,3
R08,148,Intermediate,4
R08,149,Intermediate,5
R08,150,Intermediate,5
R08,151,Intermediate,1
R08,152,Intermediate,4
R08,153,Intermediate,3
R08,154,Intermediate,5
R08,155,Intermediate,4
R08,156,Intermediate,4
R08,157,Intermediate,6
R08,158,Intermediate,5
R08,159,Intermediate,5
R08,160,Intermediate,4
R08,161,Intermediate,4
R08,162,Intermediate,5
R08,163,Intermediate,3
R08,164,Intermediate,5
R08,165,Intermediate,3
R08,166,Intermediate,3
R08,167,Intermediate,2
R08,168,Intermediate,7
R09,1,Intermediate,9
R09,2,Intermediate,6
R09,3,Intermediate,3
R09,4,Intermediate,7
R09,5,Intermediate,7
R09,6,Intermediate,5
R09,7,Intermediate,6
R09,8,Intermediate,5
R09,9,Intermediate,3
R09,10,Intermediate,6
R09,11,Intermediate,7
R09,12,Intermediate,8
R09,13,Intermediate,8
R09,14,Intermediate,6
R09,15,Intermediate,5
R09,16,Intermediate,3
R09,17,Intermediate,6
R09,18,Intermediate,6
R09,19,Intermediate,5
R09,20,Intermediate,6
R09,21,Intermediate,5
R09,22,Intermediate,4
R09,23,Intermediate,2
R09,24,Intermediate,2
R09,25,Intermediate,6
R09,26,Intermediate,5
R09,27,Intermediate,4
R09,28,Intermediate,5
R09,29,Intermediate,7
R09,30,Intermediate,7
R09,31,Intermediate,6
R09,32,Intermediate,3
R09,33,Intermediate,8
R09,34,Intermediate,2
R09,35,Intermediate,6
R09,36,Intermediate,7
R09,37,Intermediate,6
R09,38,Intermediate,4
R09,39,Intermediate,7
R09,40,Intermediate,5
R09,41,Intermediate,5
R09,42,Intermediate,2
R09,43,Intermediate,5
R09,44,Intermediate,4
R09,45,Intermediate,6
R09,46,Intermediate,3
R09,47,Intermediate,7
R09,48,Intermediate,9
R09,49,Intermediate,6
R09,50,Intermediate,7
R09,51,Intermediate,6
R09,52,Intermediate,6
R09,53,Intermediate,4
R09,54,Intermediate,6
R09,55,Intermediate,6
R09,56,Intermediate,5
R09,57,Intermediate,7
R09,58,Intermediate,4
R09,59,Intermediate,5
R09,60,Intermediate,3
R09,61,Intermediate,3
R09,62,Intermediate,4
R09,63,Intermediate,6
R09,64,Intermediate,7
R09,65,Intermediate,5
R09,66,Intermediate,4
R09,67,Intermediate,8
R09,68,Intermediate,5
R09,69,Intermediate,2
R09,70,Intermediate,6
R09,71,Intermediate,5
R09,72,Intermediate,4
R09,73,Intermediate,6
R09,74,Intermediate,5
R09,75,Intermediate,9
R09,76,Intermediate,6
R09,77,Intermediate,3
R09,78,Intermediate,6
R09,79,Intermediate,7
R09,80,Intermediate,7
R09,81,Intermediate,6
R09,82,Intermediate,6
R09,83,Intermediate,4
R09,84,Intermediate,2
R09,85,Intermediate,4
R09,86,Intermediate,5
R09,87,Intermediate,6
R09,88,Intermediate,6
R09,89,Intermediate,5
R09,90,Intermediate,8
R09,91,Intermediate,4
R09,92,Intermediate,5
R09,93,Intermediate,3
R09,94,Intermediate,8
R09,95,Intermediate,6
R09,96,Intermediate,3
R09,97,Intermediate,5
R09,98,Intermediate,5
R09,99,Intermediate,6
R09,100,Intermediate,7
R09,101,Intermediate,6
R09,102,Intermediate,5
R09,103,Intermediate,7
R09,104,Intermediate,9
R09,105,Intermediate,5
R09,106,Intermediate,5
R09,107,Intermediate,7
R09,108,Intermediate,8
R09,109,Intermediate,6
R09,110,Intermediate,7
R09,111,Intermediate,6
R09,112,Intermediate,8
R09,113,Intermediate,4
R09,114,Intermediate,5
R09,115,Intermediate,6
R09,116,Intermediate,7
R09,117,Intermediate,5
R09,118,Intermediate,7
R09,119,Intermediate,9
R09,120,Intermediate,5
R09,121,Intermediate,4
R09,122,Intermediate,3
R09,123,Intermediate,4
R09,124,Intermediate,6
R09,125,Intermediate,5
R09,126,Intermediate,7
R09,127,Intermediate,4
R09,128,Intermediate,5
R09,129,Intermediate,1
R09,130,Intermediate,7
R09,131,Intermediate,3
R09,132,Intermediate,5
R09,133,Intermediate,6
R09,134,Intermediate,2
R09,135,Intermediate,6
R09,136,Intermediate,4
R09,137,Intermediate,5
R09,138,Intermediate,6
R09,139,Intermediate,3
R09,140,Intermediate,5
R09,141,Intermediate,8
R09,142,Intermediate,4
R09,143,Intermediate,7
R09,144,Intermediate,6
R09,145,Intermediate,3
R09,146,Intermediate,2
R09,147,Intermediate,5
R09,148,Intermediate,5
R09,149,Intermediate,5
R09,150,Intermediate,6
R09,151,Intermediate,2
R09,152,Intermediate,5
R09,153,Intermediate,4
R09,154,Intermediate,5
R09,155,Intermediate,5
R09,156,Intermediate,6
R09,157,Intermediate,6
R09,158,Intermediate,6
R09,159,Intermediate,5
R09,160,Intermediate,5
R09,161,Intermediate,3
R09,162,Intermediate,6
R09,163,Intermediate,3
R09,164,Intermediate,6
R09,165,Intermediate,3
R09,166,Intermediate,3
R09,167,Intermediate,3
R09,168,Intermediate,8
R10,1,Expert,6
R10,2,Expert,4
R10,3,Expert,3
R10,4,Expert,4
R10,5,Expert,5
R10,6,Expert,4
R10,7,Expert,4
R10,8,Expert,4
R10,9,Expert,2
R10,10,Expert,5
R10,11,Expert,6
R10,12,Expert,6
R10,13,Expert,6
R10,14,Expert,4
R10,15,Expert,3
R10,16,Expert,2
R10,17,Expert,4
R10,18,Expert,5
R10,19,Expert,4
R10,20,Expert,5
R10,21,Expert,3
R10,22,Expert,4
R10,23,Expert,2
R10,24,Expert,2
R10,25,Expert,5
R10,26,Expert,6
R10,27,Expert,3
R10,28,Expert,5
R10,29,Expert,5
R10,30,Expert,6
R10,31,Expert,4
R10,32,Expert,4
R10,33,Expert,4
R10,34,Expert,1
R10,35,Expert,5
R10,36,Expert,8
R10,37,Expert,4
R10,38,Expert,3
R10,39,Expert,7
R10,40,Expert,2
R10,41,Expert,3
R10,42,Expert,4
R10,43,Expert,3
R10,44,Expert,4
R10,45,Expert,5
R10,46,Expert,4
R10,47,Expert,7
R10,48,Expert,6
R10,49,Expert,3
R10,50,Expert,6
R10,51,Expert,5
R10,52,Expert,4
R10,53,Expert,3
R10,54,Expert,4
R10,55,Expert,5
R10,56,Expert,3
R10,57,Expert,6
R10,58,Expert,3
R10,59,Expert,4
R10,60,Expert,4
R10,61,Expert,2
R10,62,Expert,2
R10,63,Expert,4
R10,64,Expert,6
R10,65,Expert,4
R10,66,Expert,1
R10,67,Expert,4
R10,68,Expert,4
R10,69,Expert,3
R10,70,Expert,4
R10,71,Expert,5
R10,72,Expert,3
R10,73,Expert,5
R10,74,Expert,4
R10,75,Expert,7
R10,76,Expert,5
R10,77,Expert,3
R10,78,Expert,4
R10,79,Expert,5
R10,80,Expert,5
R10,81,Expert,3
R10,82,Expert,5
R10,83,Expert,3
R10,84,Expert,2
R10,85,Expert,3
R10,86,Expert,3
R10,87,Expert,4
R10,88,Expert,6
R10,89,Expert,1
R10,90,Expert,6
R10,91,Expert,3
R10,92,Expert,3
R10,93,Expert,1
R10,94,Expert,6
R10,95,Expert,4
R10,96,Expert,3
R10,97,Expert,4
R10,98,Expert,4
R10,99,Expert,5
R10,100,Expert,5
R10,101,Expert,5
R10,102,Expert,4
R10,103,Expert,6
R10,104,Expert,5
R10,105,Expert,4
R10,106,Expert,3
R10,107,Expert,4
R10,108,Expert,8
R10,109,Expert,5
R10,110,Expert,4
R10,111,Expert,4
R10,112,Expert,6
R10,113,Expert,4
R10,114,Expert,4
R10,115,Expert,4
R10,116,Expert,7
R10,117,Expert,2
R10,118,Expert,4
R10,119,Expert,7
R10,120,Expert,3
R10,121,Expert,3
R10,122,Expert,1
R10,123,Expert,2
R10,124,Expert,5
R10,125,Expert,4
R10,126,Expert,5
R10,127,Expert,3
R10,128,Expert,3
R10,129,Expert,1
R10,130,Expert,3
R10,131,Expert,2
R10,132,Expert,2
R10,133,Expert,4
R10,134,Expert,1
R10,135,Expert,4
R10,136,Expert,3
R10,137,Expert,2
R10,138,Expert,5
R10,139,Expert,3
R10,140,Expert,5
R10,141,Expert,6
R10,142,Expert,4
R10,143,Expert,6
R10,144,Expert,4
R10,145,Expert,3
R10,146,Expert,2
R10,147,Expert,4
R10,148,Expert,3
R10,149,Expert,3
R10,150,Expert,5
R10,151,Expert,2
R10,152,Expert,3
R10,153,Expert,3
R10,154,Expert,3
R10,155,Expert,3
R10,156,Expert,3
R10,157,Expert,4
R10,158,Expert,4
R10,159,Expert,6
R10,160,Expert,3
R10,161,Expert,4
R10,162,Expert,4
R10,163,Expert,2
R10,164,Expert,5
R10,165,Expert,1
R10,166,Expert,3
R10,167,Expert,2
R10,168,Expert,7
R11,1,Expert,7
R11,2,Expert,3
R11,3,Expert,1
R11,4,Expert,6
R11,5,Expert,5
R11,6,Expert,3
R11,7,Expert,2
R11,8,Expert,3
R11,9,Expert,2
R11,10,Expert,6
R11,11,Expert,5
R11,12,Expert,6
R11,13,Expert,6
R11,14,Expert,4
R11,15,Expert,3
R11,16,Expert,1
R11,17,Expert,4
R11,18,Expert,5
R11,19,Expert,4
R11,20,Expert,5
R11,21,Expert,3
R11,22,Expert,3
R11,23,Expert,3
R11,24,Expert,1
R11,25,Expert,4
R11,26,Expert,4
R11,27,Expert,3
R11,28,Expert,5
R11,29,Expert,5
R11,30,Expert,6
R11,31,Expert,4
R11,32,Expert,3
R11,33,Expert,4
R11,34,Expert,1
R11,35,Expert,5
R11,36,Expert,5
R11,37,Expert,4
R11,38,Expert,2
R11,39,Expert,6
R11,40,Expert,1
R11,41,Expert,3
R11,42,Expert,3
R11,43,Expert,3
R11,44,Expert,4
R11,45,Expert,4
R11,46,Expert,2
R11,47,Expert,5
R11,48,Expert,6
R11,49,Expert,3
R11,50,Expert,3
R11,51,Expert,3
R11,52,Expert,5
R11,53,Expert,3
R11,54,Expert,4
R11,55,Expert,2
R11,56,Expert,3
R11,57,Expert,4
R11,58,Expert,4
R11,59,Expert,3
R11,60,Expert,4
R11,61,Expert,2
R11,62,Expert,1
R11,63,Expert,4
R11,64,Expert,6
R11,65,Expert,4
R11,66,Expert,1
R11,67,Expert,5
R11,68,Expert,3
R11,69,Expert,3
R11,70,Expert,4
R11,71,Expert,3
R11,72,Expert,2
R11,73,Expert,4
R11,74,Expert,3
R11,75,Expert,6
R11,76,Expert,4
R11,77,Expert,3
R11,78,Expert,6
R11,79,Expert,6
R11,80,Expert,6
R11,81,Expert,3
R11,82,Expert,4
R11,83,Expert,2
R11,84,Expert,2
R11,85,Expert,3
R11,86,Expert,3
R11,87,Expert,3
R11,88,Expert,4
R11,89,Expert,1
R11,90,Expert,5
R11,91,Expert,3
R11,92,Expert,2
R11,93,Expert,3
R11,94,Expert,5
R11,95,Expert,3
R11,96,Expert,3
R11,97,Expert,3
R11,98,Expert,5
R11,99,Expert,3
R11,100,Expert,4
R11,101,Expert,5
R11,102,Expert,3
R11,103,Expert,5
R11,104,Expert,5
R11,105,Expert,3
R11,106,Expert,3
R11,107,Expert,4
R11,108,Expert,8
R11,109,Expert,4
R11,110,Expert,4
R11,111,Expert,4
R11,112,Expert,6
R11,113,Expert,4
R11,114,Expert,4
R11,115,Expert,4
R11,116,Expert,7
R11,117,Expert,2
R11,118,Expert,4
R11,119,Expert,6
R11,120,Expert,3
R11,121,Expert,2
R11,122,Expert,1
R11,123,Expert,2
R11,124,Expert,5
R11,125,Expert,4
R11,126,Expert,4
R11,127,Expert,4
R11,128,Expert,3
R11,129,Expert,1
R11,130,Expert,5
R11,131,Expert,1
R11,132,Expert,2
R11,133,Expert,3
R11,134,Expert,1
R11,135,Expert,4
R11,136,Expert,2
R11,137,Expert,2
R11,138,Expert,4
R11,139,Expert,3
R11,140,Expert,3
R11,141,Expert,6
R11,142,Expert,3
R11,143,Expert,4
R11,144,Expert,3
R11,145,Expert,3
R11,146,Expert,2
R11,147,Expert,4
R11,148,Expert,3
R11,149,Expert,3
R11,150,Expert,4
R11,151,Expert,2
R11,152,Expert,3
R11,153,Expert,3
R11,154,Expert,3
R11,155,Expert,2
R11,156,Expert,3
R11,157,Expert,3
R11,158,Expert,4
R11,159,Expert,6
R11,160,Expert,3
R11,161,Expert,3
R11,162,Expert,4
R11,163,Expert,2
R11,164,Expert,4
R11,165,Expert,1
R11,166,Expert,3
R11,167,Expert,2
R11,168,Expert,5
R12,1,Expert,7
R12,2,Expert,5
R12,3,Expert,3
R12,4,Expert,7
R12,5,Expert,5
R12,6,Expert,3
R12,7,Expert,4
R12,8,Expert,3
R12,9,Expert,3
R12,10,Expert,6
R12,11,Expert,6
R12,12,Expert,6
R12,13,Expert,6
R12,14,Expert,4
R12,15,Expert,3
R12,16,Expert,2
R12,17,Expert,5
R12,18,Expert,8
R12,19,Expert,5
R12,20,Expert,5
R12,21,Expert,3
R12,22,Expert,3
R12,23,Expert,2
R12,24,Expert,2
R12,25,Expert,6
R12,26,Expert,5
R12,27,Expert,4
R12,28,Expert,5
R12,29,Expert,5
R12,30,Expert,6
R12,31,Expert,3
R12,32,Expert,4
R12,33,Expert,4
R12,34,Expert,1
R12,35,Expert,5
R12,36,Expert,6
R12,37,Expert,6
R12,38,Expert,4
R12,39,Expert,6
R12,40,Expert,2
R12,41,Expert,3
R12,42,Expert,4
R12,43,Expert,3
R12,44,Expert,4
R12,45,Expert,4
R12,46,Expert,4
R12,47,Expert,7
R12,48,Expert,5
R12,49,Expert,3
R12,50,Expert,5
R12,51,Expert,5
R12,52,Expert,6
R12,53,Expert,3
R12,54,Expert,4
R12,55,Expert,3
R12,56,Expert,2
R12,57,Expert,7
R12,58,Expert,3
R12,59,Expert,3
R12,60,Expert,3
R12,61,Expert,2
R12,62,Expert,2
R12,63,Expert,4
R12,64,Expert,6
R12,65,Expert,4
R12,66,Expert,1
R12,67,Expert,7
R12,68,Expert,3
R12,69,Expert,3
R12,70,Expert,4
R12,71,Expert,4
R12,72,Expert,4
R12,73,Expert,5
R12,74,Expert,4
R12,75,Expert,7
R12,76,Expert,5
R12,77,Expert,3
R12,78,Expert,4
R12,79,Expert,5
R12,80,Expert,6
R12,81,Expert,3
R12,82,Expert,5
R12,83,Expert,3
R12,84,Expert,2
R12,85,Expert,3
R12,86,Expert,4
R12,87,Expert,4
R12,88,Expert,5
R12,89,Expert,3
R12,90,Expert,5
R12,91,Expert,3
R12,92,Expert,4
R12,93,Expert,2
R12,94,Expert,6
R12,95,Expert,3
R12,96,Expert,3
R12,97,Expert,4
R12,98,Expert,4
R12,99,Expert,5
R12,100,Expert,4
R12,101,Expert,5
R12,102,Expert,4
R12,103,Expert,6
R12,104,Expert,5
R12,105,Expert,4
R12,106,Expert,3
R12,107,Expert,4
R12,108,Expert,8
R12,109,Expert,5
R12,110,Expert,5
R12,111,Expert,5
R12,112,Expert,6
R12,113,Expert,3
R12,114,Expert,4
R12,115,Expert,4
R12,116,Expert,7
R12,117,Expert,2
R12,118,Expert,4
R12,119,Expert,7
R12,120,Expert,3
R12,121,Expert,2
R12,122,Expert,2
R12,123,Expert,3
R12,124,Expert,5
R12,125,Expert,4
R12,126,Expert,4
R12,127,Expert,3
R12,128,Expert,3
R12,129,Expert,1
R12,130,Expert,2
R12,131,Expert,1
R12,132,Expert,4
R12,133,Expert,4
R12,134,Expert,1
R12,135,Expert,4
R12,136,Expert,4
R12,137,Expert,3
R12,138,Expert,2
R12,139,Expert,4
R12,140,Expert,2
R12,141,Expert,6
R12,142,Expert,3
R12,143,Expert,6
R12,144,Expert,4
R12,145,Expert,1
R12,146,Expert,2
R12,147,Expert,4
R12,148,Expert,3
R12,149,Expert,3
R12,150,Expert,5
R12,151,Expert,2
R12,152,Expert,3
R12,153,Expert,2
R12,154,Expert,3
R12,155,Expert,4
R12,156,Expert,3
R12,157,Expert,4
R12,158,Expert,4
R12,159,Expert,3
R12,160,Expert,3
R12,161,Expert,3
R12,162,Expert,4
R12,163,Expert,3
R12,164,Expert,4
R12,165,Expert,1
R12,166,Expert,3
R12,167,Expert,2
R12,168,Expert,5
R13,1,Expert,6
R13,2,Expert,5
R13,3,Expert,3
R13,4,Expert,5
R13,5,Expert,5
R13,6,Expert,3
R13,7,Expert,4
R13,8,Expert,3
R13,9,Expert,3
R13,10,Expert,5
R13,11,Expert,5
R13,12,Expert,6
R13,13,Expert,6
R13,14,Expert,5
R13,15,Expert,3
R13,16,Expert,2
R13,17,Expert,4
R13,18,Expert,5
R13,19,Expert,4
R13,20,Expert,5
R13,21,Expert,3
R13,22,Expert,4
R13,23,Expert,2
R13,24,Expert,2
R13,25,Expert,4
R13,26,Expert,4
R13,27,Expert,4
R13,28,Expert,4
R13,29,Expert,5
R13,30,Expert,6
R13,31,Expert,4
R13,32,Expert,3
R13,33,Expert,4
R13,34,Expert,1
R13,35,Expert,5
R13,36,Expert,6
R13,37,Expert,6
R13,38,Expert,3
R13,39,Expert,7
R13,40,Expert,1
R13,41,Expert,3
R13,42,Expert,3
R13,43,Expert,3
R13,44,Expert,4
R13,45,Expert,5
R13,46,Expert,4
R13,47,Expert,7
R13,48,Expert,5
R13,49,Expert,3
R13,50,Expert,5
R13,51,Expert,5
R13,52,Expert,4
R13,53,Expert,3
R13,54,Expert,4
R13,55,Expert,4
R13,56,Expert,2
R13,57,Expert,7
R13,58,Expert,4
R13,59,Expert,4
R13,60,Expert,4
R13,61,Expert,2
R13,62,Expert,3
R13,63,Expert,4
R13,64,Expert,6
R13,65,Expert,4
R13,66,Expert,1
R13,67,Expert,7
R13,68,Expert,4
R13,69,Expert,2
R13,70,Expert,4
R13,71,Expert,4
R13,72,Expert,5
R13,73,Expert,5
R13,74,Expert,3
R13,75,Expert,6
R13,76,Expert,5
R13,77,Expert,3
R13,78,Expert,5
R13,79,Expert,6
R13,80,Expert,6
R13,81,Expert,3
R13,82,Expert,4
R13,83,Expert,3
R13,84,Expert,2
R13,85,Expert,3
R13,86,Expert,3
R13,87,Expert,4
R13,88,Expert,6
R13,89,Expert,5
R13,90,Expert,5
R13,91,Expert,3
R13,92,Expert,4
R13,93,Expert,3
R13,94,Expert,4
R13,95,Expert,5
R13,96,Expert,3
R13,97,Expert,3
R13,98,Expert,3
R13,99,Expert,3
R13,100,Expert,5
R13,101,Expert,5
R13,102,Expert,3
R13,103,Expert,5
R13,104,Expert,6
R13,105,Expert,4
R13,106,Expert,3
R13,107,Expert,5
R13,108,Expert,8
R13,109,Expert,4
R13,110,Expert,5
R13,111,Expert,5
R13,112,Expert,6
R13,113,Expert,3
R13,114,Expert,4
R13,115,Expert,5
R13,116,Expert,7
R13,117,Expert,2
R13,118,Expert,4
R13,119,Expert,7
R13,120,Expert,3
R13,121,Expert,2
R13,122,Expert,2
R13,123,Expert,3
R13,124,Expert,5
R13,125,Expert,3
R13,126,Expert,5
R13,127,Expert,3
R13,128,Expert,3
R13,129,Expert,1
R13,130,Expert,4
R13,131,Expert,2
R13,132,Expert,4
R13,133,Expert,3
R13,134,Expert,4
R13,135,Expert,4
R13,136,Expert,4
R13,137,Expert,3
R13,138,Expert,4
R13,139,Expert,3
R13,140,Expert,5
R13,141,Expert,6
R13,142,Expert,3
R13,143,Expert,3
R13,144,Expert,4
R13,145,Expert,1
R13,146,Expert,2
R13,147,Expert,4
R13,148,Expert,2
R13,149,Expert,3
R13,150,Expert,6
R13,151,Expert,2
R13,152,Expert,3
R13,153,Expert,3
R13,154,Expert,4
R13,155,Expert,3
R13,156,Expert,3
R13,157,Expert,4
R13,158,Expert,5
R13,159,Expert,6
R13,160,Expert,3
R13,161,Expert,4
R13,162,Expert,4
R13,163,Expert,3
R13,164,Expert,4
R13,165,Expert,1
R13,166,Expert,2
R13,167,Expert,2
R13,168,Expert,7
